"DATASET","SERIES_CODE","OBS_MEASURE","COUNTRY","INDICATOR","TYPE_OF_TRANSFORMATION","FREQUENCY","SCALE","2021","2022","2023","2024"
"IMF.STA:BOP_AGG(9.0.1)","LBN.CAB_NETCD.USD.A","OBS_VALUE","Lebanon","Current account balance (credit less debit), Net (credits less debits)","US dollar","Annual","Millions","-4556.48655934926","-7264.68521536826","-5642.82913273833",""
"IMF.STA:BOP_AGG(9.0.1)","VUT.CAB_NETCD.USD.A","OBS_VALUE","Vanuatu","Current account balance (credit less debit), Net (credits less debits)","US dollar","Annual","Millions","-75.4509882347246","-127.431932031587","",""
"IMF.STA:BOP_AGG(9.0.1)","MDG.CAB_NETCD.USD.A","OBS_VALUE","Madagascar, Republic of","Current account balance (credit less debit), Net (credits less debits)","US dollar","Annual","Millions","-721.952769507482","-829.376077579735","",""
"IMF.STA:BOP_AGG(9.0.1)","FJI.CAB_NETCD.USD.A","OBS_VALUE","Fiji, Republic of","Current account balance (credit less debit), Net (credits less debits)","US dollar","Annual","Millions","-686.576959090778","-865.665340875025","",""
"IMF.STA:BOP_AGG(9.0.1)","SDN.CAB_NETCD.USD.A","OBS_VALUE","Sudan","Current account balance (credit less debit), Net (credits less debits)","US dollar","Annual","Millions","-2620.16303962365","-4442.78266337911","",""
"IMF.STA:BOP_AGG(9.0.1)","SSD.CAB_NETCD.USD.A","OBS_VALUE","South Sudan, Republic of","Current account balance (credit less debit), Net (credits less debits)","US dollar","Annual","Millions","-6.55000000000018","-596.7483","577.9",""
"IMF.STA:BOP_AGG(9.0.1)","COM.CAB_NETCD.USD.A","OBS_VALUE","Comoros, Union of the","Current account balance (credit less debit), Net (credits less debits)","US dollar","Annual","Millions","-4.075858927367423","-5.248034752438982","-24.62142095498304",""
"IMF.STA:BOP_AGG(9.0.1)","COG.CAB_NETCD.USD.A","OBS_VALUE","Congo, Republic of","Current account balance (credit less debit), Net (credits less debits)","US dollar","Annual","Millions","1715.90687916984","","",""
"IMF.STA:BOP_AGG(9.0.1)","LBR.CAB_NETCD.USD.A","OBS_VALUE","Liberia","Current account balance (credit less debit), Net (credits less debits)","US dollar","Annual","Millions","-101.746128306768","64.8062898735972","",""
"IMF.STA:BOP_AGG(9.0.1)","MHL.CAB_NETCD.USD.A","OBS_VALUE","Marshall Islands, Republic of the","Current account balance (credit less debit), Net (credits less debits)","US dollar","Annual","Millions","76.2628092970485","","",""
"IMF.STA:BOP_AGG(9.0.1)","CUW.CAB_NETCD.USD.A","OBS_VALUE","Curaçao, Kingdom of the Netherlands","Current account balance (credit less debit), Net (credits less debits)","US dollar","Annual","Millions","-508.758155424581","-822.666741608939","-654.687752837989",""
"IMF.STA:BOP_AGG(9.0.1)","SXM.CAB_NETCD.USD.A","OBS_VALUE","Sint Maarten, Kingdom of the Netherlands","Current account balance (credit less debit), Net (credits less debits)","US dollar","Annual","Millions","-311.462825977654","-56.983757150838","-116.69286001676",""
"IMF.STA:BOP_AGG(9.0.1)","KGZ.CAB_NETCD.USD.A","OBS_VALUE","Kyrgyz Republic","Current account balance (credit less debit), Net (credits less debits)","US dollar","Annual","Millions","-737.695886572616","-5179.6295372137","",""
"IMF.STA:BOP_AGG(9.0.1)","TZA.CAB_NETCD.USD.A","OBS_VALUE","Tanzania, United Republic of","Current account balance (credit less debit), Net (credits less debits)","US dollar","Annual","Millions","-2374.282691249715","-5482.21643541329","-2960.580250415938","-2379.788231367504"
"IMF.STA:BOP_AGG(9.0.1)","GX010.CAB_NETCD.USD.A","OBS_VALUE","All Countries and International Organizations","Current account balance (credit less debit), Net (credits less debits)","US dollar","Annual","Billions","829.7266503183517","440.2785942402206","313.8935045909999","498.7372714492628"
"IMF.STA:BOP_AGG(9.0.1)","G110.CAB_NETCD.USD.A","OBS_VALUE","Advanced Economies","Current account balance (credit less debit), Net (credits less debits)","US dollar","Annual","Billions","448.1174428904201","-281.2726076634007","-3.937056385671995","49.53220620657368"
"IMF.STA:BOP_AGG(9.0.1)","G200.CAB_NETCD.USD.A","OBS_VALUE","Emerging Market and Developing Economies","Current account balance (credit less debit), Net (credits less debits)","US dollar","Annual","Billions","381.6092074279321","721.5512019036216","317.8305609766718","449.2050652426889"
"IMF.STA:BOP_AGG(9.0.1)","G163.CAB_NETCD.USD.A","OBS_VALUE","Euro Area (EA)","Current account balance (credit less debit), Net (credits less debits)","US dollar","Annual","Millions","410513.7986620969","-24263.64040459606","264999.0006176631","442259.2420997086"
"IMF.STA:BOP_AGG(9.0.1)","G903.CAB_NETCD.USD.A","OBS_VALUE","Emerging and Developing Europe","Current account balance (credit less debit), Net (credits less debits)","US dollar","Annual","Billions","71.11288049050523","129.2737577445802","-19.96691632214191","-1.84151579747066"
"IMF.STA:BOP_AGG(9.0.1)","QAT.CAB_NETCD.USD.A","OBS_VALUE","Qatar","Current account balance (credit less debit), Net (credits less debits)","US dollar","Annual","Millions","26319.23076923077","63117.85714285714","36452.63268129945","37884.61538461538"
"IMF.STA:BOP_AGG(9.0.1)","UZB.CAB_NETCD.USD.A","OBS_VALUE","Uzbekistan, Republic of","Current account balance (credit less debit), Net (credits less debits)","US dollar","Annual","Millions","-4897.531243034297","-2846.183729365108","-7797.69861687937","-5714.281671631332"
"IMF.STA:BOP_AGG(9.0.1)","KAZ.CAB_NETCD.USD.A","OBS_VALUE","Kazakhstan, Republic of","Current account balance (credit less debit), Net (credits less debits)","US dollar","Annual","Millions","-2679.458682644611","6436.402618022464","-9315.46969103859","-7935.495077671723"
"IMF.STA:BOP_AGG(9.0.1)","CYP.CAB_NETCD.USD.A","OBS_VALUE","Cyprus","Current account balance (credit less debit), Net (credits less debits)","US dollar","Annual","Millions","-1690.723274358779","-2177.667472099082","-3402.941734180888","-3070.627759335375"
"IMF.STA:BOP_AGG(9.0.1)","DJI.CAB_NETCD.USD.A","OBS_VALUE","Djibouti","Current account balance (credit less debit), Net (credits less debits)","US dollar","Annual","Millions","-225.1058119186815","656.2069866213755","721.3485097074459","610.1236182816297"
"IMF.STA:BOP_AGG(9.0.1)","SWZ.CAB_NETCD.USD.A","OBS_VALUE","Eswatini, Kingdom of","Current account balance (credit less debit), Net (credits less debits)","US dollar","Annual","Millions","125.3177350821277","-140.9720678743607","98.69757158574222","78.3328820418603"
"IMF.STA:BOP_AGG(9.0.1)","ALB.CAB_NETCD.USD.A","OBS_VALUE","Albania","Current account balance (credit less debit), Net (credits less debits)","US dollar","Annual","Millions","-1369.694859412707","-1116.77547601529","-281.7109176975141","-647.9097613602018"
"IMF.STA:BOP_AGG(9.0.1)","MSR.CAB_NETCD.USD.A","OBS_VALUE","Montserrat, United Kingdom-British Overseas Territory","Current account balance (credit less debit), Net (credits less debits)","US dollar","Annual","Millions","-12.89575851851852","-5.987486666666667","-5.284998148148148","-1.594036296296296"
"IMF.STA:BOP_AGG(9.0.1)","ETH.CAB_NETCD.USD.A","OBS_VALUE","Ethiopia, The Federal Democratic Republic of","Current account balance (credit less debit), Net (credits less debits)","US dollar","Annual","Millions","-4507.26833997869","-5160.399280867975","-4787.655499416496","-3791.072162398939"
"IMF.STA:BOP_AGG(9.0.1)","ZWE.CAB_NETCD.USD.A","OBS_VALUE","Zimbabwe","Current account balance (credit less debit), Net (credits less debits)","US dollar","Annual","Millions","348.215436138517","304.9657331813669","133.8774684807777","501.200767466114"
"IMF.STA:BOP_AGG(9.0.1)","AUT.CAB_NETCD.USD.A","OBS_VALUE","Austria","Current account balance (credit less debit), Net (credits less debits)","US dollar","Annual","Millions","8244.331337085277","-3911.41199335773","6782.713687326244","8187.033601190423"
"IMF.STA:BOP_AGG(9.0.1)","CZE.CAB_NETCD.USD.A","OBS_VALUE","Czech Republic","Current account balance (credit less debit), Net (credits less debits)","US dollar","Annual","Millions","-5954.003328756459","-13644.23357379241","-432.7269824261227","6046.872749911081"
"IMF.STA:BOP_AGG(9.0.1)","DEU.CAB_NETCD.USD.A","OBS_VALUE","Germany","Current account balance (credit less debit), Net (credits less debits)","US dollar","Annual","Millions","301386.4692080079","161758.5037750409","251479.1488321242","270446.9997905531"
"IMF.STA:BOP_AGG(9.0.1)","PAK.CAB_NETCD.USD.A","OBS_VALUE","Pakistan","Current account balance (credit less debit), Net (credits less debits)","US dollar","Annual","Millions","-12283.106","-12216.107","-1039.115536910116","557.0538503576842"
"IMF.STA:BOP_AGG(9.0.1)","BGD.CAB_NETCD.USD.A","OBS_VALUE","Bangladesh","Current account balance (credit less debit), Net (credits less debits)","US dollar","Annual","Millions","-15775.41583307423","-14437.64529454949","4387.571900121793","1434.553195376876"
"IMF.STA:BOP_AGG(9.0.1)","SYC.CAB_NETCD.USD.A","OBS_VALUE","Seychelles","Current account balance (credit less debit), Net (credits less debits)","US dollar","Annual","Millions","-160.1679878057793","-141.6479506912115","-154.681005918902","-175.6740360189094"
"IMF.STA:BOP_AGG(9.0.1)","AND.CAB_NETCD.USD.A","OBS_VALUE","Andorra, Principality of","Current account balance (credit less debit), Net (credits less debits)","US dollar","Annual","Millions","499.4219337797062","393.6197699119684","538.2866436697808","648.9067295503158"
"IMF.STA:BOP_AGG(9.0.1)","ROU.CAB_NETCD.USD.A","OBS_VALUE","Romania","Current account balance (credit less debit), Net (credits less debits)","US dollar","Annual","Millions","-20566.0408447421","-27325.84483334345","-24460.5130149608","-31207.50606354104"
"IMF.STA:BOP_AGG(9.0.1)","MLI.CAB_NETCD.USD.A","OBS_VALUE","Mali","Current account balance (credit less debit), Net (credits less debits)","US dollar","Annual","Millions","-1468.520925287652","-1475.427297812951","-1610.328885891232",""
"IMF.STA:BOP_AGG(9.0.1)","BFA.CAB_NETCD.USD.A","OBS_VALUE","Burkina Faso","Current account balance (credit less debit), Net (credits less debits)","US dollar","Annual","Millions","77.25540399720094","-1403.966910704426","-1017.189768875683",""
"IMF.STA:BOP_AGG(9.0.1)","SLB.CAB_NETCD.USD.A","OBS_VALUE","Solomon Islands","Current account balance (credit less debit), Net (credits less debits)","US dollar","Annual","Millions","-78.19157699180104","-218.5338334320504","-178.1970368700102","-66.23086634132883"
"IMF.STA:BOP_AGG(9.0.1)","TON.CAB_NETCD.USD.A","OBS_VALUE","Tonga","Current account balance (credit less debit), Net (credits less debits)","US dollar","Annual","Millions","-49.56966906076733","-47.06218033116244","-46.90164645602725","-43.5157516904636"
"IMF.STA:BOP_AGG(9.0.1)","HRV.CAB_NETCD.USD.A","OBS_VALUE","Croatia, Republic of","Current account balance (credit less debit), Net (credits less debits)","US dollar","Annual","Millions","557.48689444453","-2620.666992857188","635.97000633662","-1049.21517514413"
"IMF.STA:BOP_AGG(9.0.1)","JPN.CAB_NETCD.USD.A","OBS_VALUE","Japan","Current account balance (credit less debit), Net (credits less debits)","US dollar","Annual","Millions","196525.0674688418","90209.90494091504","156591.9643244305","194256.9926295677"
"IMF.STA:BOP_AGG(9.0.1)","FIN.CAB_NETCD.USD.A","OBS_VALUE","Finland","Current account balance (credit less debit), Net (credits less debits)","US dollar","Annual","Millions","961.0534357143201","-7025.739227191663","-2733.700906110226","-1987.419387590208"
"IMF.STA:BOP_AGG(9.0.1)","TUV.CAB_NETCD.USD.A","OBS_VALUE","Tuvalu","Current account balance (credit less debit), Net (credits less debits)","US dollar","Annual","Millions","17.41017849865422","-0.1468905970988773","20.21056236261666",""
"IMF.STA:BOP_AGG(9.0.1)","LKA.CAB_NETCD.USD.A","OBS_VALUE","Sri Lanka","Current account balance (credit less debit), Net (credits less debits)","US dollar","Annual","Millions","-3284.272217688318","-1448.453678134251","1439.114685908773","1205.836416873361"
"IMF.STA:BOP_AGG(9.0.1)","CAN.CAB_NETCD.USD.A","OBS_VALUE","Canada","Current account balance (credit less debit), Net (credits less debits)","US dollar","Annual","Millions","-444.179661058726","-6317.506646402397","-13764.19259348006","-10348.86055361424"
"IMF.STA:BOP_AGG(9.0.1)","ARG.CAB_NETCD.USD.A","OBS_VALUE","Argentina","Current account balance (credit less debit), Net (credits less debits)","US dollar","Annual","Millions","6624.785192348","-3964.074915280953","-20751.25160555034","5701.359456362002"
"IMF.STA:BOP_AGG(9.0.1)","GMB.CAB_NETCD.USD.A","OBS_VALUE","Gambia, The","Current account balance (credit less debit), Net (credits less debits)","US dollar","Annual","Millions","-86.8773498715766","-90.25090207713849","-120.0635538288923","-99.79323238209206"
"IMF.STA:BOP_AGG(9.0.1)","PNG.CAB_NETCD.USD.A","OBS_VALUE","Papua New Guinea","Current account balance (credit less debit), Net (credits less debits)","US dollar","Annual","Millions","3283.84760834252","4567.400898798273","2794.167406760813","4767.338039460244"
"IMF.STA:BOP_AGG(9.0.1)","MKD.CAB_NETCD.USD.A","OBS_VALUE","North Macedonia, Republic of","Current account balance (credit less debit), Net (credits less debits)","US dollar","Annual","Millions","-374.8495122584762","-868.964912681015","50.3535257539191","-356.01987305262"
"IMF.STA:BOP_AGG(9.0.1)","BHS.CAB_NETCD.USD.A","OBS_VALUE","Bahamas, The","Current account balance (credit less debit), Net (credits less debits)","US dollar","Annual","Millions","-2433.986886649302","-1232.592723386749","-1069.096758914355","-1052.660800088144"
"IMF.STA:BOP_AGG(9.0.1)","GIN.CAB_NETCD.USD.A","OBS_VALUE","Guinea","Current account balance (credit less debit), Net (credits less debits)","US dollar","Annual","Millions","4638.73","3350.24","1901.12","-391.82"
"IMF.STA:BOP_AGG(9.0.1)","BRN.CAB_NETCD.USD.A","OBS_VALUE","Brunei Darussalam","Current account balance (credit less debit), Net (credits less debits)","US dollar","Annual","Millions","1560.112996141155","3255.600191940256","1943.641616703901","2229.654630442832"
"IMF.STA:BOP_AGG(9.0.1)","RUS.CAB_NETCD.USD.A","OBS_VALUE","Russian Federation","Current account balance (credit less debit), Net (credits less debits)","US dollar","Annual","Millions","124953.03","237734.7713391418","49396.44999999998","63360.35"
"IMF.STA:BOP_AGG(9.0.1)","GRD.CAB_NETCD.USD.A","OBS_VALUE","Grenada","Current account balance (credit less debit), Net (credits less debits)","US dollar","Annual","Millions","-161.3693903703704","-148.4447537037037","-243.4733188888889","-270.7707703703704"
"IMF.STA:BOP_AGG(9.0.1)","VCT.CAB_NETCD.USD.A","OBS_VALUE","St. Vincent and the Grenadines","Current account balance (credit less debit), Net (credits less debits)","US dollar","Annual","Millions","-206.2719085185185","-199.7271540740741","-180.4304018518519","-156.5889933333333"
"IMF.STA:BOP_AGG(9.0.1)","CHE.CAB_NETCD.USD.A","OBS_VALUE","Switzerland","Current account balance (credit less debit), Net (credits less debits)","US dollar","Annual","Millions","62546.71078276701","76912.23846788569","52768.97064672922","72013.34554250694"
"IMF.STA:BOP_AGG(9.0.1)","CHN.CAB_NETCD.USD.A","OBS_VALUE","China, People's Republic of","Current account balance (credit less debit), Net (credits less debits)","US dollar","Annual","Millions","352885.75463463","443374.2571164299","263382.35336819","423919.2147163"
"IMF.STA:BOP_AGG(9.0.1)","TUR.CAB_NETCD.USD.A","OBS_VALUE","Türkiye, Republic of","Current account balance (credit less debit), Net (credits less debits)","US dollar","Annual","Millions","-6221","-46283","-39877","-10193"
"IMF.STA:BOP_AGG(9.0.1)","CMR.CAB_NETCD.USD.A","OBS_VALUE","Cameroon","Current account balance (credit less debit), Net (credits less debits)","US dollar","Annual","Millions","-1794.494946514506","-1505.13303582016","-2018.870649831426",""
"IMF.STA:BOP_AGG(9.0.1)","SAU.CAB_NETCD.USD.A","OBS_VALUE","Saudi Arabia","Current account balance (credit less debit), Net (credits less debits)","US dollar","Annual","Millions","40533.62763226592","150353.4914510076","35133.26693135091","-2738.66865281461"
"IMF.STA:BOP_AGG(9.0.1)","ISL.CAB_NETCD.USD.A","OBS_VALUE","Iceland","Current account balance (credit less debit), Net (credits less debits)","US dollar","Annual","Millions","-674.9102026075202","-545.1169385532409","-317.9196638832995","-866.9676079956759"
"IMF.STA:BOP_AGG(9.0.1)","AZE.CAB_NETCD.USD.A","OBS_VALUE","Azerbaijan, Republic of","Current account balance (credit less debit), Net (credits less debits)","US dollar","Annual","Millions","8202.978327464697","23478.081","8329.368","4671.108000000003"
"IMF.STA:BOP_AGG(9.0.1)","MAR.CAB_NETCD.USD.A","OBS_VALUE","Morocco","Current account balance (credit less debit), Net (credits less debits)","US dollar","Annual","Millions","-3348.692437559201","-4800.285754429353","-1529.987450016092","-1868.774289776953"
"IMF.STA:BOP_AGG(9.0.1)","NPL.CAB_NETCD.USD.A","OBS_VALUE","Nepal","Current account balance (credit less debit), Net (credits less debits)","US dollar","Annual","Millions","-5362.970002436422","-2374.991141989615","1005.873573595842","1679.145881897753"
"IMF.STA:BOP_AGG(9.0.1)","GTM.CAB_NETCD.USD.A","OBS_VALUE","Guatemala","Current account balance (credit less debit), Net (credits less debits)","US dollar","Annual","Millions","1873.41049","1116.08025","3212.06453","3268.24776"
"IMF.STA:BOP_AGG(9.0.1)","GEO.CAB_NETCD.USD.A","OBS_VALUE","Georgia","Current account balance (credit less debit), Net (credits less debits)","US dollar","Annual","Millions","-1939.316109399999","-645.060914519999","-1633.59160608","-1786.14631962"
"IMF.STA:BOP_AGG(9.0.1)","GBR.CAB_NETCD.USD.A","OBS_VALUE","United Kingdom","Current account balance (credit less debit), Net (credits less debits)","US dollar","Annual","Millions","-13851.72062108777","-70961.99367932417","-118354.023140501","-96634.36095124942"
"IMF.STA:BOP_AGG(9.0.1)","IRQ.CAB_NETCD.USD.A","OBS_VALUE","Iraq","Current account balance (credit less debit), Net (credits less debits)","US dollar","Annual","Millions","24565","58009.5","28374.58639331","8366.49999999999"
"IMF.STA:BOP_AGG(9.0.1)","COL.CAB_NETCD.USD.A","OBS_VALUE","Colombia","Current account balance (credit less debit), Net (credits less debits)","US dollar","Annual","Millions","-17949.40296431421","-20878.6898898262","-8295.92281594892","-7225.40752208529"
"IMF.STA:BOP_AGG(9.0.1)","URY.CAB_NETCD.USD.A","OBS_VALUE","Uruguay","Current account balance (credit less debit), Net (credits less debits)","US dollar","Annual","Millions","-1478.092519731629","-2486.642350711815","-2374.613328387746","-632.8646319905516"
"IMF.STA:BOP_AGG(9.0.1)","MAC.CAB_NETCD.USD.A","OBS_VALUE","Macao Special Administrative Region, People's Republic of China","Current account balance (credit less debit), Net (credits less debits)","US dollar","Annual","Millions","2605.189470255989","3393.722619533809","14316.2594035472","17952.30888174795"
"IMF.STA:BOP_AGG(9.0.1)","VNM.CAB_NETCD.USD.A","OBS_VALUE","Vietnam","Current account balance (credit less debit), Net (credits less debits)","US dollar","Annual","Millions","-4628","1402","25793","28047"
"IMF.STA:BOP_AGG(9.0.1)","ITA.CAB_NETCD.USD.A","OBS_VALUE","Italy","Current account balance (credit less debit), Net (credits less debits)","US dollar","Annual","Millions","44448.52938802247","-38496.47238095246","5195.1106370854","25773.24098322587"
"IMF.STA:BOP_AGG(9.0.1)","ARM.CAB_NETCD.USD.A","OBS_VALUE","Armenia, Republic of","Current account balance (credit less debit), Net (credits less debits)","US dollar","Annual","Millions","-471.3685669362597","143.9837801356072","-670.0160278676835","-1194.50509519867"
"IMF.STA:BOP_AGG(9.0.1)","MYS.CAB_NETCD.USD.A","OBS_VALUE","Malaysia","Current account balance (credit less debit), Net (credits less debits)","US dollar","Annual","Millions","14493.4194710048","12738.46863960388","6257.096796553978","7150.093156330097"
"IMF.STA:BOP_AGG(9.0.1)","JOR.CAB_NETCD.USD.A","OBS_VALUE","Jordan","Current account balance (credit less debit), Net (credits less debits)","US dollar","Annual","Millions","-3717.605633802817","-3955.915492957745","-1827.323943661972","-3126.507042253524"
"IMF.STA:BOP_AGG(9.0.1)","SMR.CAB_NETCD.USD.A","OBS_VALUE","San Marino, Republic of","Current account balance (credit less debit), Net (credits less debits)","US dollar","Annual","Millions","100.1177561219829","249.0296753991547","445.8490537340745",""
"IMF.STA:BOP_AGG(9.0.1)","SLE.CAB_NETCD.USD.A","OBS_VALUE","Sierra Leone","Current account balance (credit less debit), Net (credits less debits)","US dollar","Annual","Millions","-522.814974096832","-452.094153662779","-606.358360678853",""
"IMF.STA:BOP_AGG(9.0.1)","USA.CAB_NETCD.USD.A","OBS_VALUE","United States","Current account balance (credit less debit), Net (credits less debits)","US dollar","Annual","Millions","-858634","-993142","-928017","-1185294"
"IMF.STA:BOP_AGG(9.0.1)","LBY.CAB_NETCD.USD.A","OBS_VALUE","Libya","Current account balance (credit less debit), Net (credits less debits)","US dollar","Annual","Millions","5675.3","9607.39999999999","1864.6",""
"IMF.STA:BOP_AGG(9.0.1)","ECU.CAB_NETCD.USD.A","OBS_VALUE","Ecuador","Current account balance (credit less debit), Net (credits less debits)","US dollar","Annual","Millions","3040.417905833513","2247.414831986595","2346.491769313248","7058.84304909588"
"IMF.STA:BOP_AGG(9.0.1)","AIA.CAB_NETCD.USD.A","OBS_VALUE","Anguilla, United Kingdom-British Overseas Territory","Current account balance (credit less debit), Net (credits less debits)","US dollar","Annual","Millions","-142.8840855555556","-13.23917037037037","130.7724862962963",""
"IMF.STA:BOP_AGG(9.0.1)","HND.CAB_NETCD.USD.A","OBS_VALUE","Honduras","Current account balance (credit less debit), Net (credits less debits)","US dollar","Annual","Millions","-1537.902787370401","-2156.562609242871","-1367.804425143562","-1649.482994179746"
"IMF.STA:BOP_AGG(9.0.1)","OMN.CAB_NETCD.USD.A","OBS_VALUE","Oman","Current account balance (credit less debit), Net (credits less debits)","US dollar","Annual","Millions","-4835.685478926502","4009.862705212016","2433.644273084468","3068.773848684135"
"IMF.STA:BOP_AGG(9.0.1)","THA.CAB_NETCD.USD.A","OBS_VALUE","Thailand","Current account balance (credit less debit), Net (credits less debits)","US dollar","Annual","Millions","-10838.74915356816","-16995.60015111687","8479.21738636268","11619.1025852553"
"IMF.STA:BOP_AGG(9.0.1)","SLV.CAB_NETCD.USD.A","OBS_VALUE","El Salvador","Current account balance (credit less debit), Net (credits less debits)","US dollar","Annual","Millions","-1250.461217924781","-2143.721476517071","-367.8307813340769","-632.5486810873584"
"IMF.STA:BOP_AGG(9.0.1)","MNG.CAB_NETCD.USD.A","OBS_VALUE","Mongolia","Current account balance (credit less debit), Net (credits less debits)","US dollar","Annual","Millions","-2108.439815125172","-2303.498985609669","121.2661718304083","-2485.434521306645"
"IMF.STA:BOP_AGG(9.0.1)","ATG.CAB_NETCD.USD.A","OBS_VALUE","Antigua and Barbuda","Current account balance (credit less debit), Net (credits less debits)","US dollar","Annual","Millions","-284.8822096296296","-291.6742188888889","-271.0471966666667","-181.3658840740741"
"IMF.STA:BOP_AGG(9.0.1)","ZAF.CAB_NETCD.USD.A","OBS_VALUE","South Africa","Current account balance (credit less debit), Net (credits less debits)","US dollar","Annual","Millions","15843.62010238868","-1207.228550223068","-4209.439168075479","-2578.559235522127"
"IMF.STA:BOP_AGG(9.0.1)","NER.CAB_NETCD.USD.A","OBS_VALUE","Niger","Current account balance (credit less debit), Net (credits less debits)","US dollar","Annual","Millions","-2099.092173630452","-2500.089004983752","-2332.754443512813",""
"IMF.STA:BOP_AGG(9.0.1)","ISR.CAB_NETCD.USD.A","OBS_VALUE","Israel","Current account balance (credit less debit), Net (credits less debits)","US dollar","Annual","Millions","14797.90000000001","14126.5","15719.2","15475.29999999999"
"IMF.STA:BOP_AGG(9.0.1)","HKG.CAB_NETCD.USD.A","OBS_VALUE","Hong Kong Special Administrative Region, People's Republic of China","Current account balance (credit less debit), Net (credits less debits)","US dollar","Annual","Millions","43658.55661068301","36525.09747096482","32337.98398720814","52546.71253156696"
"IMF.STA:BOP_AGG(9.0.1)","LVA.CAB_NETCD.USD.A","OBS_VALUE","Latvia, Republic of","Current account balance (credit less debit), Net (credits less debits)","US dollar","Annual","Millions","-1579.429701010066","-2082.282374634749","-1662.890537491099","-687.8748011905076"
"IMF.STA:BOP_AGG(9.0.1)","CHL.CAB_NETCD.USD.A","OBS_VALUE","Chile","Current account balance (credit less debit), Net (credits less debits)","US dollar","Annual","Millions","-22962.26794554659","-26656.488969","-10497.10001032","-4852.7168105"
"IMF.STA:BOP_AGG(9.0.1)","TJK.CAB_NETCD.USD.A","OBS_VALUE","Tajikistan, Republic of","Current account balance (credit less debit), Net (credits less debits)","US dollar","Annual","Millions","735.5258464518692","1634.601475495963","584.0224535080947","887.0162112665325"
"IMF.STA:BOP_AGG(9.0.1)","AUS.CAB_NETCD.USD.A","OBS_VALUE","Australia","Current account balance (credit less debit), Net (credits less debits)","US dollar","Annual","Millions","40973.20399369816","6354.770847554951","-4059.666341372234","-34755.87489513043"
"IMF.STA:BOP_AGG(9.0.1)","MWI.CAB_NETCD.USD.A","OBS_VALUE","Malawi","Current account balance (credit less debit), Net (credits less debits)","US dollar","Annual","Millions","-1917.65048798139","-2279.81688920939","-2103.56401143835","-2125.2810578624"
"IMF.STA:BOP_AGG(9.0.1)","NIC.CAB_NETCD.USD.A","OBS_VALUE","Nicaragua","Current account balance (credit less debit), Net (credits less debits)","US dollar","Annual","Millions","-391.17885814","-459.6000000000015","1465.4","817.61829004"
"IMF.STA:BOP_AGG(9.0.1)","BLR.CAB_NETCD.USD.A","OBS_VALUE","Belarus, Republic of","Current account balance (credit less debit), Net (credits less debits)","US dollar","Annual","Millions","2137.066958490004","2627.70712391001","-1019.796253569994","-1944.575192540007"
"IMF.STA:BOP_AGG(9.0.1)","NAM.CAB_NETCD.USD.A","OBS_VALUE","Namibia","Current account balance (credit less debit), Net (credits less debits)","US dollar","Annual","Millions","-1.337298717035269","-1.58189152135121","-1.879894125338058","-1.893779946160608"
"IMF.STA:BOP_AGG(9.0.1)","BGR.CAB_NETCD.USD.A","OBS_VALUE","Bulgaria","Current account balance (credit less debit), Net (credits less debits)","US dollar","Annual","Millions","-872.53","-2429.5","-894.86","-1741"
"IMF.STA:BOP_AGG(9.0.1)","NRU.CAB_NETCD.USD.A","OBS_VALUE","Nauru, Republic of","Current account balance (credit less debit), Net (credits less debits)","US dollar","Annual","Millions","6.596610528623028","2.965543898620804","1.922550245574666","9.73015398650845"
"IMF.STA:BOP_AGG(9.0.1)","GHA.CAB_NETCD.USD.A","OBS_VALUE","Ghana","Current account balance (credit less debit), Net (credits less debits)","US dollar","Annual","Millions","-2242.74379694953","-1723.247736638794","-734.496650094511","1680.567078007797"
"IMF.STA:BOP_AGG(9.0.1)","CYM.CAB_NETCD.USD.A","OBS_VALUE","Cayman Islands","Current account balance (credit less debit), Net (credits less debits)","US dollar","Annual","Millions","-794.2052586811287","-749.4817551236713","-712.6843100089292",""
"IMF.STA:BOP_AGG(9.0.1)","KOR.CAB_NETCD.USD.A","OBS_VALUE","Korea, Republic of","Current account balance (credit less debit), Net (credits less debits)","US dollar","Annual","Millions","85228.2","25828.6","32821.7","99042.9"
"IMF.STA:BOP_AGG(9.0.1)","NOR.CAB_NETCD.USD.A","OBS_VALUE","Norway","Current account balance (credit less debit), Net (credits less debits)","US dollar","Annual","Millions","74499.16059684075","170714.05561127","84103.78734353346","71645.11929082733"
"IMF.STA:BOP_AGG(9.0.1)","DMA.CAB_NETCD.USD.A","OBS_VALUE","Dominica","Current account balance (credit less debit), Net (credits less debits)","US dollar","Annual","Millions","-186.1009496296296","-163.745902962963","-223.6322918518519","-160.1197996296296"
"IMF.STA:BOP_AGG(9.0.1)","BTN.CAB_NETCD.USD.A","OBS_VALUE","Bhutan","Current account balance (credit less debit), Net (credits less debits)","US dollar","Annual","Millions","-319.2793094982541","-805.7231732891604","-963.1217314151603","-669.7664139106062"
"IMF.STA:BOP_AGG(9.0.1)","ABW.CAB_NETCD.USD.A","OBS_VALUE","Aruba, Kingdom of the Netherlands","Current account balance (credit less debit), Net (credits less debits)","US dollar","Annual","Millions","79.25706670804894","230.5557944513571","194.4984021189319",""
"IMF.STA:BOP_AGG(9.0.1)","GUY.CAB_NETCD.USD.A","OBS_VALUE","Guyana","Current account balance (credit less debit), Net (credits less debits)","US dollar","Annual","Millions","-1359.602484512644","4241.95392809091","2352.049079193499",""
"IMF.STA:BOP_AGG(9.0.1)","CIV.CAB_NETCD.USD.A","OBS_VALUE","Côte d'Ivoire","Current account balance (credit less debit), Net (credits less debits)","US dollar","Annual","Millions","-2874.116508896438","-5393.827498951121","-9208.027598593948",""
"IMF.STA:BOP_AGG(9.0.1)","LSO.CAB_NETCD.USD.A","OBS_VALUE","Lesotho, Kingdom of","Current account balance (credit less debit), Net (credits less debits)","US dollar","Annual","Millions","-196.0566669761937","-268.8755879474043","-151.5767482088917","81.42117082131753"
"IMF.STA:BOP_AGG(9.0.1)","ZMB.CAB_NETCD.USD.A","OBS_VALUE","Zambia","Current account balance (credit less debit), Net (credits less debits)","US dollar","Annual","Millions","2629.551251444389","1093.013821993418","-837.6832322924935","-487.3944434175578"
"IMF.STA:BOP_AGG(9.0.1)","STP.CAB_NETCD.USD.A","OBS_VALUE","São Tomé and Príncipe, Democratic Republic of","Current account balance (credit less debit), Net (credits less debits)","US dollar","Annual","Millions","-95.2483499385807","-25.5918820666753","20.89364917190657","41.50069539027793"
"IMF.STA:BOP_AGG(9.0.1)","TLS.CAB_NETCD.USD.A","OBS_VALUE","Timor-Leste, Democratic Republic of","Current account balance (credit less debit), Net (credits less debits)","US dollar","Annual","Millions","1985.043102872788","488.4747466402631","-192.5658713635895","-587.4841087380422"
"IMF.STA:BOP_AGG(9.0.1)","GRC.CAB_NETCD.USD.A","OBS_VALUE","Greece","Current account balance (credit less debit), Net (credits less debits)","US dollar","Annual","Millions","-13857.82238065243","-23712.94565375249","-16467.89780392424","-18217.27585797369"
"IMF.STA:BOP_AGG(9.0.1)","UGA.CAB_NETCD.USD.A","OBS_VALUE","Uganda","Current account balance (credit less debit), Net (credits less debits)","US dollar","Annual","Millions","-3604.899111959726","-4063.948229728269","-3624.879923639297","-4292.061818170167"
"IMF.STA:BOP_AGG(9.0.1)","WSM.CAB_NETCD.USD.A","OBS_VALUE","Samoa","Current account balance (credit less debit), Net (credits less debits)","US dollar","Annual","Millions","-114.4460799175113","-74.03927006078316","40.17667942413171","65.62868770165328"
"IMF.STA:BOP_AGG(9.0.1)","NZL.CAB_NETCD.USD.A","OBS_VALUE","New Zealand","Current account balance (credit less debit), Net (credits less debits)","US dollar","Annual","Millions","-14333.4880542224","-21854.80795406048","-15766.53760601347","-12106.08603968258"
"IMF.STA:BOP_AGG(9.0.1)","LAO.CAB_NETCD.USD.A","OBS_VALUE","Lao People's Democratic Republic","Current account balance (credit less debit), Net (credits less debits)","US dollar","Annual","Millions","431.6364429379262","-458.7543683019598","404.5226501015085","531.3726591188774"
"IMF.STA:BOP_AGG(9.0.1)","KNA.CAB_NETCD.USD.A","OBS_VALUE","St. Kitts and Nevis","Current account balance (credit less debit), Net (credits less debits)","US dollar","Annual","Millions","-28.78199296296296","-111.6852603703704","-122.3864618518519","-169.2208337037037"
"IMF.STA:BOP_AGG(9.0.1)","KWT.CAB_NETCD.USD.A","OBS_VALUE","Kuwait","Current account balance (credit less debit), Net (credits less debits)","US dollar","Annual","Millions","34943.33101617127","63077.59923067118","51396.15716968831","46702.59943865042"
"IMF.STA:BOP_AGG(9.0.1)","HTI.CAB_NETCD.USD.A","OBS_VALUE","Haiti","Current account balance (credit less debit), Net (credits less debits)","US dollar","Annual","Millions","87.6558547493429","-491.953761239128","-682.5171575763648","-145.1379635907196"
"IMF.STA:BOP_AGG(9.0.1)","LUX.CAB_NETCD.USD.A","OBS_VALUE","Luxembourg","Current account balance (credit less debit), Net (credits less debits)","US dollar","Annual","Millions","4312.311036135121","4413.43570350167","6083.758087799736","4100.017521530224"
"IMF.STA:BOP_AGG(9.0.1)","EST.CAB_NETCD.USD.A","OBS_VALUE","Estonia, Republic of","Current account balance (credit less debit), Net (credits less debits)","US dollar","Annual","Millions","-1387.160436075408","-1495.897722340972","-722.668450634274","-542.8568205054294"
"IMF.STA:BOP_AGG(9.0.1)","EGY.CAB_NETCD.USD.A","OBS_VALUE","Egypt, Arab Republic of","Current account balance (credit less debit), Net (credits less debits)","US dollar","Annual","Millions","-18610.82818149998","-10536.5557312","-12564.26897738334","-22256.09999999999"
"IMF.STA:BOP_AGG(9.0.1)","PRT.CAB_NETCD.USD.A","OBS_VALUE","Portugal","Current account balance (credit less debit), Net (credits less debits)","US dollar","Annual","Millions","-1721.235129004264","-5355.766241531439","1618.082666549367","6509.032238816927"
"IMF.STA:BOP_AGG(9.0.1)","CPV.CAB_NETCD.USD.A","OBS_VALUE","Cabo Verde","Current account balance (credit less debit), Net (credits less debits)","US dollar","Annual","Millions","-250.6321178779541","-78.27136809182221","-69.36300971890589","106.5927329986143"
"IMF.STA:BOP_AGG(9.0.1)","LCA.CAB_NETCD.USD.A","OBS_VALUE","St. Lucia","Current account balance (credit less debit), Net (credits less debits)","US dollar","Annual","Millions","-210.9243592592593","-83.44168407407407","-38.06926555555556","-64.12133518518519"
"IMF.STA:BOP_AGG(9.0.1)","AGO.CAB_NETCD.USD.A","OBS_VALUE","Angola","Current account balance (credit less debit), Net (credits less debits)","US dollar","Annual","Millions","8399.45164883264","11762.87950068901","4184.993795520749","6309.847179397565"
"IMF.STA:BOP_AGG(9.0.1)","BRA.CAB_NETCD.USD.A","OBS_VALUE","Brazil","Current account balance (credit less debit), Net (credits less debits)","US dollar","Annual","Millions","-39397.55733300999","-41960.05974866002","-27073.22717958498","-66168.31020446999"
"IMF.STA:BOP_AGG(9.0.1)","PRY.CAB_NETCD.USD.A","OBS_VALUE","Paraguay","Current account balance (credit less debit), Net (credits less debits)","US dollar","Annual","Millions","-429.1950705668647","-2941.41481335014","-148.3401894591616","-1527.604954437998"
"IMF.STA:BOP_AGG(9.0.1)","MRT.CAB_NETCD.USD.A","OBS_VALUE","Mauritania, Islamic Republic of","Current account balance (credit less debit), Net (credits less debits)","US dollar","Annual","Millions","-807.8619927486001","-1424.095460912347","-966.505853181036","-1039.382012627567"
"IMF.STA:BOP_AGG(9.0.1)","SEN.CAB_NETCD.USD.A","OBS_VALUE","Senegal","Current account balance (credit less debit), Net (credits less debits)","US dollar","Annual","Millions","-3327.276073691043","-5542.372487177963","-6071.838779447209",""
"IMF.STA:BOP_AGG(9.0.1)","DOM.CAB_NETCD.USD.A","OBS_VALUE","Dominican Republic","Current account balance (credit less debit), Net (credits less debits)","US dollar","Annual","Millions","-2685.299999999996","-6548.9","-4418.400000000002","-4167.2"
"IMF.STA:BOP_AGG(9.0.1)","LTU.CAB_NETCD.USD.A","OBS_VALUE","Lithuania, Republic of","Current account balance (credit less debit), Net (credits less debits)","US dollar","Annual","Millions","985.0508764934986","-4322.393326429398","878.3884952165305","2771.559347891667"
"IMF.STA:BOP_AGG(9.0.1)","SGP.CAB_NETCD.USD.A","OBS_VALUE","Singapore","Current account balance (credit less debit), Net (credits less debits)","US dollar","Annual","Millions","86435.3111935394","93770.59961315258","89403.32150038456","96015.19195749269"
"IMF.STA:BOP_AGG(9.0.1)","POL.CAB_NETCD.USD.A","OBS_VALUE","Poland, Republic of","Current account balance (credit less debit), Net (credits less debits)","US dollar","Annual","Millions","-8970","-15822","12486","2795"
"IMF.STA:BOP_AGG(9.0.1)","BDI.CAB_NETCD.USD.A","OBS_VALUE","Burundi","Current account balance (credit less debit), Net (credits less debits)","US dollar","Annual","Millions","-389.3118204420633","-615.203005214733","-627.856029322384","-474.9857261380925"
"IMF.STA:BOP_AGG(9.0.1)","MLT.CAB_NETCD.USD.A","OBS_VALUE","Malta","Current account balance (credit less debit), Net (credits less debits)","US dollar","Annual","Millions","1843.73656268399","-167.6105592560945","1424.66782708122","1777.923393778004"
"IMF.STA:BOP_AGG(9.0.1)","MUS.CAB_NETCD.USD.A","OBS_VALUE","Mauritius","Current account balance (credit less debit), Net (credits less debits)","US dollar","Annual","Millions","-1496.640055045418","-1436.824184189158","-696.8139507580638","-1050.013442299929"
"IMF.STA:BOP_AGG(9.0.1)","BLZ.CAB_NETCD.USD.A","OBS_VALUE","Belize","Current account balance (credit less debit), Net (credits less debits)","US dollar","Annual","Millions","-157.8683651565578","-235.5655363146724","-19.76105346438875","-51.66497929127114"
"IMF.STA:BOP_AGG(9.0.1)","MOZ.CAB_NETCD.USD.A","OBS_VALUE","Mozambique, Republic of","Current account balance (credit less debit), Net (credits less debits)","US dollar","Annual","Millions","-3426.462300367048","-6366.77222969149","-2207.224606647495","-2493.130139186832"
"IMF.STA:BOP_AGG(9.0.1)","MDV.CAB_NETCD.USD.A","OBS_VALUE","Maldives","Current account balance (credit less debit), Net (credits less debits)","US dollar","Annual","Millions","-453.448938365782","-1041.96931488677","-1399.60236616087","-1256.6510672139"
"IMF.STA:BOP_AGG(9.0.1)","MNE.CAB_NETCD.USD.A","OBS_VALUE","Montenegro","Current account balance (credit less debit), Net (credits less debits)","US dollar","Annual","Millions","-541.2013771948562","-817.8582071464163","-851.5250449346471","-1404.391778025479"
"IMF.STA:BOP_AGG(9.0.1)","SRB.CAB_NETCD.USD.A","OBS_VALUE","Serbia, Republic of","Current account balance (credit less debit), Net (credits less debits)","US dollar","Annual","Millions","-2654.390085470979","-4457.001147651746","-1947.085693077912","-4104.883017497682"
"IMF.STA:BOP_AGG(9.0.1)","PLW.CAB_NETCD.USD.A","OBS_VALUE","Palau, Republic of","Current account balance (credit less debit), Net (credits less debits)","US dollar","Annual","Millions","-95.974","-117.098","-134.249",""
"IMF.STA:BOP_AGG(9.0.1)","JAM.CAB_NETCD.USD.A","OBS_VALUE","Jamaica","Current account balance (credit less debit), Net (credits less debits)","US dollar","Annual","Millions","149.2621414408361","-136.4005724661065","568.9320662241926","678.8083792517642"
"IMF.STA:BOP_AGG(9.0.1)","SVN.CAB_NETCD.USD.A","OBS_VALUE","Slovenia, Republic of","Current account balance (credit less debit), Net (credits less debits)","US dollar","Annual","Millions","2072.569848562459","-617.3736964597048","3092.654472066365","3320.860282207633"
"IMF.STA:BOP_AGG(9.0.1)","GNB.CAB_NETCD.USD.A","OBS_VALUE","Guinea-Bissau","Current account balance (credit less debit), Net (credits less debits)","US dollar","Annual","Millions","-14.12780275776864","-146.6397233844773","-160.1685230017115",""
"IMF.STA:BOP_AGG(9.0.1)","BMU.CAB_NETCD.USD.A","OBS_VALUE","Bermuda","Current account balance (credit less debit), Net (credits less debits)","US dollar","Annual","Millions","962.257799431355","1134.798092198076","1320.294557385857",""
"IMF.STA:BOP_AGG(9.0.1)","HUN.CAB_NETCD.USD.A","OBS_VALUE","Hungary","Current account balance (credit less debit), Net (credits less debits)","US dollar","Annual","Millions","-7853.767184627774","-15696.93373647468","-7.709316845496","3523.028942817898"
"IMF.STA:BOP_AGG(9.0.1)","SVK.CAB_NETCD.USD.A","OBS_VALUE","Slovak Republic","Current account balance (credit less debit), Net (credits less debits)","US dollar","Annual","Millions","-5775.907897198891","-11126.46960291752","-4032.065463002075","-6503.081481784974"
"IMF.STA:BOP_AGG(9.0.1)","BEN.CAB_NETCD.USD.A","OBS_VALUE","Benin","Current account balance (credit less debit), Net (credits less debits)","US dollar","Annual","Millions","-734.6591065514279","-991.0046225053769","-1608.54337068412",""
"IMF.STA:BOP_AGG(9.0.1)","PHL.CAB_NETCD.USD.A","OBS_VALUE","Philippines","Current account balance (credit less debit), Net (credits less debits)","US dollar","Annual","Millions","-5942.749346459142","-18260.83121301546","-12386.68591867953","-18262.19699572286"
"IMF.STA:BOP_AGG(9.0.1)","IND.CAB_NETCD.USD.A","OBS_VALUE","India","Current account balance (credit less debit), Net (credits less debits)","US dollar","Annual","Millions","-33422.35935793977","-79050.94195132395","-31955.49793020441","-32148.81760291984"
"IMF.STA:BOP_AGG(9.0.1)","BWA.CAB_NETCD.USD.A","OBS_VALUE","Botswana","Current account balance (credit less debit), Net (credits less debits)","US dollar","Annual","Millions","-330.9229620555554","-120.9198938064652","288.8545466171019","-821.1374816364615"
"IMF.STA:BOP_AGG(9.0.1)","BOL.CAB_NETCD.USD.A","OBS_VALUE","Bolivia","Current account balance (credit less debit), Net (credits less debits)","US dollar","Annual","Millions","1591.562617751094","1154.275493209578","-1144.743558671475","-1407.061487404326"
"IMF.STA:BOP_AGG(9.0.1)","CRI.CAB_NETCD.USD.A","OBS_VALUE","Costa Rica","Current account balance (credit less debit), Net (credits less debits)","US dollar","Annual","Millions","-2063.109436413275","-2272.159757641926","-1239.207194145651","-1248.842815792317"
"IMF.STA:BOP_AGG(9.0.1)","KIR.CAB_NETCD.USD.A","OBS_VALUE","Kiribati","Current account balance (credit less debit), Net (credits less debits)","US dollar","Annual","Millions","20.25095868711144","-32.52311723525223","-5.116792574343938","-59.54059796207321"
"IMF.STA:BOP_AGG(9.0.1)","COD.CAB_NETCD.USD.A","OBS_VALUE","Congo, Democratic Republic of the","Current account balance (credit less debit), Net (credits less debits)","US dollar","Annual","Millions","-587.406970435521","-3148.07937860375","-3882.715615580319","-2719.446524383778"
"IMF.STA:BOP_AGG(9.0.1)","BIH.CAB_NETCD.USD.A","OBS_VALUE","Bosnia and Herzegovina","Current account balance (credit less debit), Net (credits less debits)","US dollar","Annual","Millions","-348.5964704302037","-1077.252126213787","-589.1447397102977","-1027.731963597605"
"IMF.STA:BOP_AGG(9.0.1)","FRA.CAB_NETCD.USD.A","OBS_VALUE","France","Current account balance (credit less debit), Net (credits less debits)","US dollar","Annual","Millions","7245.17350231715","-40031.10742724573","-31877.21498391389","2690.42122667558"
"IMF.STA:BOP_AGG(9.0.1)","SWE.CAB_NETCD.USD.A","OBS_VALUE","Sweden","Current account balance (credit less debit), Net (credits less debits)","US dollar","Annual","Millions","39289.75729741772","23070.31445740623","33644.15650332363","35767.84249178424"
"IMF.STA:BOP_AGG(9.0.1)","BEL.CAB_NETCD.USD.A","OBS_VALUE","Belgium","Current account balance (credit less debit), Net (credits less debits)","US dollar","Annual","Millions","11182.25101111083","-10766.71701097127","1187.332657148779","-2543.070284000947"
"IMF.STA:BOP_AGG(9.0.1)","DZA.CAB_NETCD.USD.A","OBS_VALUE","Algeria","Current account balance (credit less debit), Net (credits less debits)","US dollar","Annual","Millions","-4512.873533101433","19451.83776293525","6462.906982695819","-2753.772227948328"
"IMF.STA:BOP_AGG(9.0.1)","BHR.CAB_NETCD.USD.A","OBS_VALUE","Bahrain, Kingdom of","Current account balance (credit less debit), Net (credits less debits)","US dollar","Annual","Millions","2602.393617021271","6838.563829787234","2699.468085106383","2281.914893617018"
"IMF.STA:BOP_AGG(9.0.1)","WBG.CAB_NETCD.USD.A","OBS_VALUE","West Bank and Gaza","Current account balance (credit less debit), Net (credits less debits)","US dollar","Annual","Millions","-1777.950200967099","-2036.626263145947","-2895.369454190112","-2899.047118811867"
"IMF.STA:BOP_AGG(9.0.1)","KHM.CAB_NETCD.USD.A","OBS_VALUE","Cambodia","Current account balance (credit less debit), Net (credits less debits)","US dollar","Annual","Millions","-10892.92322248904","-7582.000401478536","552.3462505993861","228.100876765877"
"IMF.STA:BOP_AGG(9.0.1)","IRL.CAB_NETCD.USD.A","OBS_VALUE","Ireland","Current account balance (credit less debit), Net (credits less debits)","US dollar","Annual","Millions","65118.41403362142","48426.54319776803","44743.97768297184","105990.720657001"
"IMF.STA:BOP_AGG(9.0.1)","ESP.CAB_NETCD.USD.A","OBS_VALUE","Spain","Current account balance (credit less debit), Net (credits less debits)","US dollar","Annual","Millions","11178.5909098847","5497.205080478907","44251.71094085897","54932.85551794851"
"IMF.STA:BOP_AGG(9.0.1)","MDA.CAB_NETCD.USD.A","OBS_VALUE","Moldova, Republic of","Current account balance (credit less debit), Net (credits less debits)","US dollar","Annual","Millions","-1699.1","-2482.3","-1848.54184996","-3012.70013555"
"IMF.STA:BOP_AGG(9.0.1)","MEX.CAB_NETCD.USD.A","OBS_VALUE","Mexico","Current account balance (credit less debit), Net (credits less debits)","US dollar","Annual","Millions","-4562.55587300001","-18920.24449700005","-12595.25199099998","-16740.19941299992"
"IMF.STA:BOP_AGG(9.0.1)","PAN.CAB_NETCD.USD.A","OBS_VALUE","Panama","Current account balance (credit less debit), Net (credits less debits)","US dollar","Annual","Millions","-832.2955142699998","28.7688360799966","-2581.001339449999","1672.221431180004"
"IMF.STA:BOP_AGG(9.0.1)","TTO.CAB_NETCD.USD.A","OBS_VALUE","Trinidad and Tobago","Current account balance (credit less debit), Net (credits less debits)","US dollar","Annual","Millions","2629.308365036103","4966.94239490843","2948.497606922487","1232.946696617695"
"IMF.STA:BOP_AGG(9.0.1)","KOS.CAB_NETCD.USD.A","OBS_VALUE","Kosovo, Republic of","Current account balance (credit less debit), Net (credits less debits)","US dollar","Annual","Millions","-818.350534733874","-881.5946798314512","-752.1374180254801","-932.4813560102393"
"IMF.STA:BOP_AGG(9.0.1)","DNK.CAB_NETCD.USD.A","OBS_VALUE","Denmark","Current account balance (credit less debit), Net (credits less debits)","US dollar","Annual","Millions","34953.36806507637","44624.89392116561","44904.64595023962","52124.2588671064"
"IMF.STA:BOP_AGG(9.0.1)","TUN.CAB_NETCD.USD.A","OBS_VALUE","Tunisia","Current account balance (credit less debit), Net (credits less debits)","US dollar","Annual","Millions","-2770.055367899553","-3969.24192602495","-1110.513299875192","-775.3001227671578"
"IMF.STA:BOP_AGG(9.0.1)","SUR.CAB_NETCD.USD.A","OBS_VALUE","Suriname","Current account balance (credit less debit), Net (credits less debits)","US dollar","Annual","Millions","176.182486483146","76.32058559919559","148.1176209249326","9.30620134824466"
"IMF.STA:BOP_AGG(9.0.1)","NGA.CAB_NETCD.USD.A","OBS_VALUE","Nigeria","Current account balance (credit less debit), Net (credits less debits)","US dollar","Annual","Millions","-3254.16317028253","1018.59884608075","6423.222719520354","17215.26931554326"
"IMF.STA:BOP_AGG(9.0.1)","NLD.CAB_NETCD.USD.A","OBS_VALUE","Netherlands, The","Current account balance (credit less debit), Net (credits less debits)","US dollar","Annual","Millions","108380.0903633473","71389.53765877983","106894.7484718952","110922.5125351568"
"IMF.STA:BOP_AGG(9.0.1)","KEN.CAB_NETCD.USD.A","OBS_VALUE","Kenya","Current account balance (credit less debit), Net (credits less debits)","US dollar","Annual","Millions","-5045.280175923286","-4806.802814134461","-2736.462263903999","-1549.810652898718"
"IMF.STA:BOP_AGG(9.0.1)","PER.CAB_NETCD.USD.A","OBS_VALUE","Peru","Current account balance (credit less debit), Net (credits less debits)","US dollar","Annual","Millions","-5090.427868109022","-9972.176721309757","880.392227110485","6389.974158680566"
"IMF.STA:BOP_AGG(9.0.1)","RWA.CAB_NETCD.USD.A","OBS_VALUE","Rwanda","Current account balance (credit less debit), Net (credits less debits)","US dollar","Annual","Millions","-1209.278688390352","-1247.194010045581","-1647.222781381189","-1807.56833807398"
"IMF.STA:BOP_AGG(9.0.1)","IDN.CAB_NETCD.USD.A","OBS_VALUE","Indonesia","Current account balance (credit less debit), Net (credits less debits)","US dollar","Annual","Millions","3510.71505041252","13215.1349104119","-2041.6620200125","-8680.95158992108"
"IMF.STA:BOP_AGG(9.0.1)","UKR.CAB_NETCD.USD.A","OBS_VALUE","Ukraine","Current account balance (credit less debit), Net (credits less debits)","US dollar","Annual","Millions","-3882","7976","-9564","-15142"
"IMF.STA:BOP_AGG(9.0.1)","TWN.CAB_NETCD.USD.A","OBS_VALUE","Taiwan Province of China","Current account balance (credit less debit), Net (credits less debits)","US dollar","Annual","Millions","117994","101445","105810","112735"
"IMF.STA:BOP_AGG(9.0.1)","G505.CAB_NETCD.USD.A","OBS_VALUE","Emerging and Developing Asia","Current account balance (credit less debit), Net (credits less debits)","US dollar","Annual","Billions","284.0386360643867","332.151187102617","266.7871083222997","418.2949875926247"
"IMF.STA:BOP_AGG(9.0.1)","G400.CAB_NETCD.USD.A","OBS_VALUE","Middle East and Central Asia","Current account balance (credit less debit), Net (credits less debits)","US dollar","Annual","Billions","129.3156406083687","425.1769526604134","191.6311776956576","125.4073616844257"
"IMF.STA:BOP_AGG(9.0.1)","GX205.CAB_NETCD.USD.A","OBS_VALUE","Western Hemisphere","Current account balance (credit less debit), Net (credits less debits)","US dollar","Annual","Billions","-91.18883573634033","-127.8143153669972","-76.11082403607069","-70.87797378111301"
"IMF.STA:BOP_AGG(9.0.1)","G603.CAB_NETCD.USD.A","OBS_VALUE","Sub-Saharan Africa (SSA)","Current account balance (credit less debit), Net (credits less debits)","US dollar","Annual","Billions","-11.66911399898824","-37.23638023699193","-44.50998468307253","-21.77779445577816"
"IMF.STA:BOP_AGG(9.0.1)","ARE.CAB_NETCD.USD.A","OBS_VALUE","United Arab Emirates","Current account balance (credit less debit), Net (credits less debits)","US dollar","Annual","Millions","","","68618.10755616065","79972.77059223962"
